id,question
1,气血固本口服液是什么？是药品还是保健食品？
2,天益寿气血固本口服液有正规批准文号吗？
3,气血固本口服液的主要成分有哪些？
4,气血固本口服液适合哪些人群？
5,天益寿这个品牌靠谱吗？是正规厂家吗？
6,气血固本口服液和普通补气血口服液有什么区别？
7,气血固本口服液主要功效是什么？能补气血吗？
8,气血固本口服液对脸色差、乏力、手脚冰凉有效吗？
9,气血固本口服液能改善睡眠和免疫力吗？
10,气血固本口服液对体虚出汗、病后恢复有帮助吗？
11,气血固本口服液喝多久能见效？
12,气血固本口服液一天喝几次？可以长期喝吗
13,女性经期、产后或哺乳期能喝气血固本口服液吗？
14,中老年人、熬夜疲劳、术后体虚能喝气血固本吗？
15,气血固本口服液能和阿胶、燕窝、人参一起吃吗？
16,气血固本口服液多少钱一盒？哪里买是正品？
17,气血固本口服液适合送给父母或女性长辈吗？
18,气血固本口服液和八珍益母类、阿胶口服液怎么选？
19,气血固本口服液有哪些副作用？会上火吗？
20,高血压、心脏病患者能喝气血固本口服液吗？
21,孕妇、儿童能喝气血固本口服液吗？
22,气血固本口服液是不是智商税？网上说没效果是真的吗？
23,气血两虚适合喝什么口服液？口服液和胶囊哪个好？
24,更年期女性适合喝补气血口服液吗？产后/哺乳期怎么调理？
25,给妈妈买补气血产品选什么好？送长辈滋补品哪种实用？
26,补气血口服液和阿胶糕、八珍类中成药有什么区别？
27,补气血产品怎么判断是否正规？买口服液要看哪些资质？
